Id,IsDeleted,Name,CreatedDate,CreatedById,LastModifiedDate,LastModifiedById,SystemModstamp,nFORCE__Screen__c,nFORCE__Break_Page_After__c,nFORCE__Break_Page_Before__c,nFORCE__Default_Editable__c,nFORCE__Default_Rendered__c,nFORCE__Disable_Print__c,nFORCE__Display_Order__c,nFORCE__Display_Toggle_Effect__c,nFORCE__Display_Toggle_Header__c,nFORCE__Display_Toggle_Link__c,nFORCE__Headless__c,nFORCE__Inactive__c,nFORCE__Instructions_Text__c,nFORCE__Is_Editable__c,nFORCE__Layout__c,nFORCE__Screen_View__c,nFORCE__Section_Resource__c,nFORCE__Widget__c,nFORCE__lookupKey__c,nFORCE__sObject_Type__c,nPortal__Portal_Header_Text__c,nFORCE__Conditional_Display_Criteria__c,nFORCE__Parent_Screen_Section__c,nPortal__Portal_Subheader_Text__c,nFORCE__Number_of_Columns__c,nFORCE__Are_Columns_Sortable__c,nFORCE__Auto_Save__c,nFORCE__Validation_Service__c,AutorabitExtId__c
a334T000000PHpAQAW,,Loan Pricing,2019-09-09T15:17:11.000Z,0054T000000ZYm5QAG,2019-09-09T15:17:11.000Z,0054T000000ZYm5QAG,,a344T000000PEXkQAO,false,false,false,false,false,1.0,slide,true,false,false,false,,false,,a364T000000g5b4QAA,MappedSObjectScreenResource,,,LLC_BI__Loan__c,,,,,,false,false,,
a334T000000PHeiQAG,,Collateral Description,2019-09-09T15:17:11.000Z,0054T000000ZYm5QAG,2019-09-09T15:17:11.000Z,0054T000000ZYm5QAG,,a344T000000PEXkQAO,false,false,false,false,false,57.0,slide,true,false,false,false,,false,,a364T000000g5ZPQAY,MappedSObjectHierarchyScreenResource,,42008986755701313,LLC_BI__Loan__c,,,,,,false,false,,
a334T000000PNwIQAW,,Approval History,2019-09-18T14:48:46.000Z,0054T000000ZYm5QAG,2019-09-18T14:48:46.000Z,0054T000000ZYm5QAG,,a344T000000PINqQAO,false,false,false,false,false,120.0,slide,true,false,false,false,,false,,,SObjectScreenResource,a374T000000PJYBQA4,42018804638199467,LLC_BI__Loan__c,,,,,,false,false,,
a334T000000PNwWQAW,,Global Analysis,2019-09-18T14:48:46.000Z,0054T000000ZYm5QAG,2019-09-18T14:48:46.000Z,0054T000000ZYm5QAG,,a344T000000PINqQAO,false,false,false,false,false,250.0,slide,false,false,true,false,,false,,,MappedSObjectHierarchyScreenResource,a374T000000PJYNQA4,42031455562571855,LLC_BI__Loan__c,,,,,,false,false,,
a334T000000PNw9QAG,,Loan Renewals,2019-09-18T14:48:46.000Z,0054T000000ZYm5QAG,2019-09-18T14:48:46.000Z,0054T000000ZYm5QAG,,a344T000000PINqQAO,false,false,false,false,false,20.0,slide,true,false,false,false,,false,,a364T000000gIGcQAM,LoanRenewalFScreenResource,,42031983266953111,LLC_BI__Loan__c,,,,,,false,false,,
a334T000000PNwNQAW,,Background Analysis,2019-09-18T14:48:46.000Z,0054T000000ZYm5QAG,2019-09-18T14:48:46.000Z,0054T000000ZYm5QAG,,a344T000000PINqQAO,false,false,false,false,false,60.0,slide,true,false,false,false,,false,,,SObjectScreenResource,a374T000000PJYFQA4,42035341995204678,LLC_BI__Loan__c,,,,,,false,false,,
a334T000000PHebQAG,,Loan Renewals,2019-09-09T15:17:11.000Z,0054T000000ZYm5QAG,2019-09-09T15:17:11.000Z,0054T000000ZYm5QAG,,a344T000000PEXkQAO,false,false,false,false,false,20.0,slide,true,false,false,false,,false,,a364T000000g5ZIQAY,LoanRenewalFScreenResource,,42053707357861554,LLC_BI__Loan__c,,,,,,false,false,,
a334T000000PHqoQAG,,Collateral Summary,2019-09-09T15:17:11.000Z,0054T000000ZYm5QAG,2019-09-09T15:17:11.000Z,0054T000000ZYm5QAG,,a344T000000PEXnQAO,false,false,false,false,false,56.0,slide,true,false,false,false,,false,,a364T000000g5chQAA,MappedSObjectHierarchyScreenResource,,42073731509924467,LLC_BI__Loan__c,,,,,,false,false,,
a334T000000PNwFQAW,,Collateral Summary,2019-09-18T14:48:46.000Z,0054T000000ZYm5QAG,2019-09-18T14:48:46.000Z,0054T000000ZYm5QAG,,a344T000000PINqQAO,false,false,false,false,false,56.0,slide,true,false,false,false,,false,,a364T000000gIGiQAM,MappedSObjectHierarchyScreenResource,,42077155337453164,LLC_BI__Loan__c,,,,,,false,false,,
a334T000000PHqlQAG,,Related Exposure,2019-09-09T15:17:11.000Z,0054T000000ZYm5QAG,2019-09-09T15:17:11.000Z,0054T000000ZYm5QAG,,a344T000000PEXnQAO,false,false,false,false,false,46.0,slide,true,false,false,false,,false,,a364T000000g5cfQAA,RelatedLoanListFScreenResource,,42085921416716411,LLC_BI__Loan__c,,,,,,false,false,,
a334T000000PHhbQAG,,Payment Structure,2019-09-09T15:17:11.000Z,0054T000000ZYm5QAG,2019-09-09T15:17:11.000Z,0054T000000ZYm5QAG,,a344T000000PEXnQAO,false,false,false,false,false,12.0,slide,true,false,false,false,,false,,,MappedSObjectScreenResource,a374T000000PE9iQAG,42093754004798120,LLC_BI__Loan__c,,,,,,false,false,,
a334T000000PNwJQAW,,Covenants,2019-09-18T14:48:46.000Z,0054T000000ZYm5QAG,2019-09-18T14:48:46.000Z,0054T000000ZYm5QAG,,a344T000000PINqQAO,false,false,false,false,false,110.0,slide,true,false,false,false,,false,,a364T000000gIGlQAM,MappedSObjectHierarchyScreenResource,,42104647134552083,LLC_BI__Loan__c,,,,,,false,false,,
a334T000000PHelQAG,,Covenants,2019-09-09T15:17:11.000Z,0054T000000ZYm5QAG,2019-09-09T15:17:11.000Z,0054T000000ZYm5QAG,,a344T000000PEXkQAO,false,false,false,false,false,110.0,slide,true,false,false,false,,false,,a364T000000g5ZRQAY,MappedSObjectHierarchyScreenResource,,4211635552508704Q,LLC_BI__Loan__c,,,,,,false,false,,
a334T000000PNwSQAW,,Spreads Appendix,2019-09-18T14:48:46.000Z,0054T000000ZYm5QAG,2019-09-18T14:48:46.000Z,0054T000000ZYm5QAG,,a344T000000PINqQAO,false,false,false,false,false,200.0,slide,true,false,false,false,,false,,a364T000000gIGmQAM,MappedSObjectHierarchyScreenResource,a374T000000PJYKQA4,42125775367960616,LLC_BI__Loan__c,,,,,,false,false,,
a334T000000PHhdQAG,,Loan Pricing,2019-09-09T15:17:11.000Z,0054T000000ZYm5QAG,2019-09-09T15:17:11.000Z,0054T000000ZYm5QAG,,a344T000000PEXnQAO,false,false,false,false,false,1.0,slide,true,false,false,false,,false,,a364T000000g5cmQAA,MappedSObjectScreenResource,,42189164592406035,LLC_BI__Loan__c,,,,,,false,false,,
a334T000000PNwRQAW,,Loan Covenants Narrative,2019-09-18T14:48:46.000Z,0054T000000ZYm5QAG,2019-09-18T14:48:46.000Z,0054T000000ZYm5QAG,,a344T000000PINqQAO,false,false,false,false,false,115.0,slide,true,false,false,false,,false,,,SObjectScreenResource,a374T000000PJYJQA4,42189504276372107,LLC_BI__Loan__c,,,,,,false,false,,
a334T000000PHqyQAG,,Approval History,2019-09-09T15:17:11.000Z,0054T000000ZYm5QAG,2019-09-09T15:17:11.000Z,0054T000000ZYm5QAG,,a344T000000PEXnQAO,false,false,false,false,false,120.0,slide,true,false,false,false,,false,,,SObjectScreenResource,a374T000000PE9rQAG,42192194209519992,LLC_BI__Loan__c,,,,,,false,false,,
a334T000000PHqqQAG,,Loan Collateral Narrative,2019-09-09T15:17:11.000Z,0054T000000ZYm5QAG,2019-09-09T15:17:11.000Z,0054T000000ZYm5QAG,,a344T000000PEXnQAO,false,false,false,false,false,58.0,slide,true,false,false,false,,false,,,SObjectScreenResource,a374T000000PE9lQAG,42195944514653188,LLC_BI__Loan__c,,,,,,false,false,,
a334T000000PNwOQAW,,Financial Analysis,2019-09-18T14:48:46.000Z,0054T000000ZYm5QAG,2019-09-18T14:48:46.000Z,0054T000000ZYm5QAG,,a344T000000PINqQAO,false,false,false,false,false,70.0,slide,true,false,false,false,,false,,,SObjectScreenResource,a374T000000PJYGQA4,42197502202398976,LLC_BI__Loan__c,,,,,,false,false,,
a334T000000PHquQAG,,Policy/Underwriting Exceptions,2019-09-09T15:17:11.000Z,0054T000000ZYm5QAG,2019-09-09T15:17:11.000Z,0054T000000ZYm5QAG,,a344T000000PEXnQAO,false,false,false,false,false,90.0,slide,true,false,false,false,,false,,,SObjectScreenResource,a374T000000PE9oQAG,42206003094800605,LLC_BI__Loan__c,,,,,,false,false,,
a334T000000PHegQAG,,Related Deposits,2019-09-09T15:17:11.000Z,0054T000000ZYm5QAG,2019-09-09T15:17:11.000Z,0054T000000ZYm5QAG,,a344T000000PEXkQAO,false,false,false,false,false,47.0,slide,true,false,false,false,,false,,a364T000000g5ZNQAY,DepositFScreenResource,,42207141477645071,LLC_BI__Loan__c,,,,,,false,false,,
a334T000000PNwPQAW,,Policy/Underwriting Exceptions,2019-09-18T14:48:46.000Z,0054T000000ZYm5QAG,2019-09-18T14:48:46.000Z,0054T000000ZYm5QAG,,a344T000000PINqQAO,false,false,false,false,false,90.0,slide,true,false,false,false,,false,,,SObjectScreenResource,a374T000000PJYHQA4,42226184606246566,LLC_BI__Loan__c,,,,,,false,false,,
a334T000000PHecQAG,,Fees,2019-09-09T15:17:11.000Z,0054T000000ZYm5QAG,2019-09-09T15:17:11.000Z,0054T000000ZYm5QAG,,a344T000000PEXkQAO,false,false,false,false,false,27.0,slide,true,false,false,false,,false,,a364T000000g5ZJQAY,MappedSObjectHierarchyScreenResource,,42233364413372724,LLC_BI__Loan__c,,,,,,false,false,,
a334T000000PHheQAG,,Borrower Structure,2019-09-09T15:17:11.000Z,0054T000000ZYm5QAG,2019-09-09T15:17:11.000Z,0054T000000ZYm5QAG,,a344T000000PEXnQAO,false,false,false,false,false,30.0,slide,true,false,false,false,,false,,a364T000000g5cdQAA,InvolvementsFScreenResource,,42267458886562934,LLC_BI__Loan__c,,,,,,false,false,,
a334T000000PHqkQAG,,Borrower Structure Narrative,2019-09-09T15:17:11.000Z,0054T000000ZYm5QAG,2019-09-09T15:17:11.000Z,0054T000000ZYm5QAG,,a344T000000PEXnQAO,false,false,false,false,false,45.0,slide,true,false,false,false,,false,,,SObjectScreenResource,a374T000000PE9jQAG,42284207039905219,LLC_BI__Loan__c,,,,,,false,false,,
a334T000000PHqpQAG,,Collateral Description,2019-09-09T15:17:11.000Z,0054T000000ZYm5QAG,2019-09-09T15:17:11.000Z,0054T000000ZYm5QAG,,a344T000000PEXnQAO,false,false,false,false,false,57.0,slide,true,false,false,false,,false,,a364T000000g5ciQAA,MappedSObjectHierarchyScreenResource,,42285874672068906,LLC_BI__Loan__c,,,,,,false,false,,
a334T000000PNwDQAW,,Related Exposure,2019-09-18T14:48:46.000Z,0054T000000ZYm5QAG,2019-09-18T14:48:46.000Z,0054T000000ZYm5QAG,,a344T000000PINqQAO,false,false,false,false,false,46.0,slide,true,false,false,false,,false,,a364T000000gIGgQAM,RelatedLoanListFScreenResource,,42295012532779396,LLC_BI__Loan__c,,,,,,false,false,,
a334T000000PNwXQAW,,Project Roll-Up,2019-09-18T14:48:46.000Z,0054T000000ZYm5QAG,2019-09-18T14:48:46.000Z,0054T000000ZYm5QAG,,a344T000000PINqQAO,false,false,false,true,false,250.0,slide,true,false,false,false,,false,,,MappedSObjectHierarchyScreenResource,a374T000000PJYOQA4,42299793311750086,LLC_BI__Loan__c,,,,,,false,false,,
a334T000000PHqzQAG,,Spreads Appendix,2019-09-09T15:17:11.000Z,0054T000000ZYm5QAG,2019-09-09T15:17:11.000Z,0054T000000ZYm5QAG,,a344T000000PEXnQAO,false,false,false,false,false,200.0,slide,true,false,false,false,,false,,a364T000000g5clQAA,MappedSObjectHierarchyScreenResource,a374T000000PE9sQAG,42301269578879605,LLC_BI__Loan__c,,,,,,false,false,,
a334T000000PHqiQAG,,Loan Renewals,2019-09-09T15:17:11.000Z,0054T000000ZYm5QAG,2019-09-09T15:17:11.000Z,0054T000000ZYm5QAG,,a344T000000PEXnQAO,false,false,false,false,false,20.0,slide,true,false,false,false,,false,,a364T000000g5cbQAA,LoanRenewalFScreenResource,,42304271821431232,LLC_BI__Loan__c,,,,,,false,false,,
a334T000000PHeaQAG,,Payment Structure,2019-09-09T15:17:11.000Z,0054T000000ZYm5QAG,2019-09-09T15:17:11.000Z,0054T000000ZYm5QAG,,a344T000000PEXkQAO,false,false,false,false,false,12.0,slide,true,false,false,false,,false,,,MappedSObjectScreenResource,a374T000000PE6ZQAW,42311858759476803,LLC_BI__Loan__c,,,,,,false,false,,
a334T000000PNwLQAW,,Related Exposure Narrative,2019-09-18T14:48:46.000Z,0054T000000ZYm5QAG,2019-09-18T14:48:46.000Z,0054T000000ZYm5QAG,,a344T000000PINqQAO,false,false,false,false,false,48.0,slide,true,false,false,false,,false,,,SObjectScreenResource,a374T000000PJYDQA4,42333787356427853,LLC_BI__Loan__c,,,,,,false,false,,
a334T000000PNwQQAW,,Lender Recommendation,2019-09-18T14:48:46.000Z,0054T000000ZYm5QAG,2019-09-18T14:48:46.000Z,0054T000000ZYm5QAG,,a344T000000PINqQAO,false,false,false,false,false,100.0,slide,true,false,false,false,,false,,,SObjectScreenResource,a374T000000PJYIQA4,42337968722976665,LLC_BI__Loan__c,,,,,,false,false,,
a334T000000PNwKQAW,,Borrower Structure Narrative,2019-09-18T14:48:46.000Z,0054T000000ZYm5QAG,2019-09-18T14:48:46.000Z,0054T000000ZYm5QAG,,a344T000000PINqQAO,false,false,false,false,false,45.0,slide,true,false,false,false,,false,,,SObjectScreenResource,a374T000000PJYCQA4,42341058347512115,LLC_BI__Loan__c,,,,,,false,false,,
a334T000000PNwCQAW,,Authorized Signers,2019-09-18T14:48:46.000Z,0054T000000ZYm5QAG,2019-09-18T14:48:46.000Z,0054T000000ZYm5QAG,,a344T000000PINqQAO,false,false,false,false,false,40.0,slide,true,false,false,false,,false,,a364T000000gIGfQAM,SignersFScreenResource,,42355780119248326,LLC_BI__Loan__c,,,,,,false,false,,
a334T000000PHqsQAG,,Financial Analysis,2019-09-09T15:17:11.000Z,0054T000000ZYm5QAG,2019-09-09T15:17:11.000Z,0054T000000ZYm5QAG,,a344T000000PEXnQAO,false,false,false,false,false,70.0,slide,true,false,false,false,,false,,,SObjectScreenResource,a374T000000PE9nQAG,42370716411919692,LLC_BI__Loan__c,,,,,,false,false,,
a334T000000PHedQAG,,Borrower Structure,2019-09-09T15:17:11.000Z,0054T000000ZYm5QAG,2019-09-09T15:17:11.000Z,0054T000000ZYm5QAG,,a344T000000PEXkQAO,false,false,false,false,false,30.0,slide,true,false,false,false,,false,,a364T000000g5ZKQAY,InvolvementsFScreenResource,,42372788868935423,LLC_BI__Loan__c,,,,,,false,false,,
a334T000000PNwAQAW,,Fees,2019-09-18T14:48:46.000Z,0054T000000ZYm5QAG,2019-09-18T14:48:46.000Z,0054T000000ZYm5QAG,,a344T000000PINqQAO,false,false,false,false,false,27.0,slide,true,false,false,false,,false,,a364T000000gIGdQAM,MappedSObjectHierarchyScreenResource,,42391122009757935,LLC_BI__Loan__c,,,,,,false,false,,
a334T000000PHhcQAG,,Fees,2019-09-09T15:17:11.000Z,0054T000000ZYm5QAG,2019-09-09T15:17:11.000Z,0054T000000ZYm5QAG,,a344T000000PEXnQAO,false,false,false,false,false,27.0,slide,true,false,false,false,,false,,a364T000000g5ccQAA,MappedSObjectHierarchyScreenResource,,42393400613710064,LLC_BI__Loan__c,,,,,,false,false,,
a334T000000PNwVQAW,,Risk Rating Appendix,2019-09-18T14:48:46.000Z,0054T000000ZYm5QAG,2019-09-18T14:48:46.000Z,0054T000000ZYm5QAG,,a344T000000PINqQAO,false,false,false,false,false,210.0,slide,true,false,false,false,,false,,,MappedSObjectHierarchyScreenResource,a374T000000PJYMQA4,42403995259657708,LLC_BI__Loan__c,,,,,,false,false,,
a334T000000PHneQAG,,Borrower Structure Narrative,2019-09-09T15:17:11.000Z,0054T000000ZYm5QAG,2019-09-09T15:17:11.000Z,0054T000000ZYm5QAG,,a344T000000PEXkQAO,false,false,false,false,false,45.0,slide,true,false,false,false,,false,,,SObjectScreenResource,a374T000000PE6aQAG,42406941760544609,LLC_BI__Loan__c,,,,,,false,false,,
a334T000000PHefQAG,,Related Exposure,2019-09-09T15:17:11.000Z,0054T000000ZYm5QAG,2019-09-09T15:17:11.000Z,0054T000000ZYm5QAG,,a344T000000PEXkQAO,false,false,false,false,false,46.0,slide,true,false,false,false,,false,,a364T000000g5ZMQAY,RelatedLoanListFScreenResource,,42418443255702030,LLC_BI__Loan__c,,,,,,false,false,,
a334T000000PNwTQAW,,Loan Pricing,2019-09-18T14:48:46.000Z,0054T000000ZYm5QAG,2019-09-18T14:48:46.000Z,0054T000000ZYm5QAG,,a344T000000PINqQAO,false,false,false,false,false,1.0,slide,true,false,false,false,,false,,a364T000000gIGnQAM,MappedSObjectScreenResource,,42446214557934662,LLC_BI__Loan__c,,,,,,false,false,,
a334T000000PHnfQAG,,Related Exposure Narrative,2019-09-09T15:17:11.000Z,0054T000000ZYm5QAG,2019-09-09T15:17:11.000Z,0054T000000ZYm5QAG,,a344T000000PEXkQAO,false,false,false,false,false,48.0,slide,true,false,false,false,,false,,,SObjectScreenResource,a374T000000PE6bQAG,42468036154623486,LLC_BI__Loan__c,,,,,,false,false,,
a334T000000PHqnQAG,,Related Exposure Narrative,2019-09-09T15:17:11.000Z,0054T000000ZYm5QAG,2019-09-09T15:17:11.000Z,0054T000000ZYm5QAG,,a344T000000PEXnQAO,false,false,false,false,false,48.0,slide,true,false,false,false,,false,,,SObjectScreenResource,a374T000000PE9kQAG,42468062138935420,LLC_BI__Loan__c,,,,,,false,false,,
a334T000000PNwBQAW,,Borrower Structure,2019-09-18T14:48:46.000Z,0054T000000ZYm5QAG,2019-09-18T14:48:46.000Z,0054T000000ZYm5QAG,,a344T000000PINqQAO,false,false,false,false,false,30.0,slide,true,false,false,false,,false,,a364T000000gIGeQAM,InvolvementsFScreenResource,,42489310339199522,LLC_BI__Loan__c,,,,,,false,false,,
a334T000000PNwHQAW,,Policy Exceptions,2019-09-18T14:48:46.000Z,0054T000000ZYm5QAG,2019-09-18T14:48:46.000Z,0054T000000ZYm5QAG,,a344T000000PINqQAO,false,false,false,false,false,85.0,slide,true,false,false,false,,false,,a364T000000gIGkQAM,MappedSObjectHierarchyScreenResource,,42510592089171827,LLC_BI__Loan__c,,,,,,false,false,,
a334T000000PNwUQAW,,Loan Pricing Narrative,2019-09-18T14:48:46.000Z,0054T000000ZYm5QAG,2019-09-18T14:48:46.000Z,0054T000000ZYm5QAG,,a344T000000PINqQAO,false,false,false,false,false,25.0,slide,true,false,true,false,,false,,,SObjectScreenResource,a374T000000PJYLQA4,42557233532626114,LLC_BI__Loan__c,,,,,,false,false,,
a334T000000PHrcQAG,,Global Analysis,2019-09-09T15:17:11.000Z,0054T000000ZYm5QAG,2019-09-09T15:17:11.000Z,0054T000000ZYm5QAG,,a344T000000PEXkQAO,false,false,false,false,false,250.0,slide,false,false,true,false,,false,,,MappedSObjectHierarchyScreenResource,a374T000000PE9vQAG,42561397408215624,LLC_BI__Loan__c,,,,,,false,false,,
a334T000000PHqjQAG,,Authorized Signers,2019-09-09T15:17:11.000Z,0054T000000ZYm5QAG,2019-09-09T15:17:11.000Z,0054T000000ZYm5QAG,,a344T000000PEXnQAO,false,false,false,false,false,40.0,slide,true,false,false,false,,false,,a364T000000g5ceQAA,SignersFScreenResource,,42584044380613855,LLC_BI__Loan__c,,,,,,false,false,,
a334T000000PNwGQAW,,Collateral Description,2019-09-18T14:48:46.000Z,0054T000000ZYm5QAG,2019-09-18T14:48:46.000Z,0054T000000ZYm5QAG,,a344T000000PINqQAO,false,false,false,false,false,57.0,slide,true,false,false,false,,false,,a364T000000gIGjQAM,MappedSObjectHierarchyScreenResource,,42627112860156312,LLC_BI__Loan__c,,,,,,false,false,,
a334T000000PHqtQAG,,Policy Exceptions,2019-09-09T15:17:11.000Z,0054T000000ZYm5QAG,2019-09-09T15:17:11.000Z,0054T000000ZYm5QAG,,a344T000000PEXnQAO,false,false,false,false,false,85.0,slide,true,false,false,false,,false,,a364T000000g5cjQAA,MappedSObjectHierarchyScreenResource,,42629444244531565,LLC_BI__Loan__c,,,,,,false,false,,
a334T000000PHhaQAG,,Rate Structure,2019-09-09T15:17:11.000Z,0054T000000ZYm5QAG,2019-09-09T15:17:11.000Z,0054T000000ZYm5QAG,,a344T000000PEXnQAO,false,false,false,false,false,11.0,slide,true,false,false,false,,false,,,MappedSObjectScreenResource,a374T000000PE9hQAG,42637524750402686,LLC_BI__Loan__c,,,,,,false,false,,
a334T000000PHqrQAG,,Background Analysis,2019-09-09T15:17:11.000Z,0054T000000ZYm5QAG,2019-09-09T15:17:11.000Z,0054T000000ZYm5QAG,,a344T000000PEXnQAO,false,false,false,false,false,60.0,slide,true,false,false,false,,false,,,SObjectScreenResource,a374T000000PE9mQAG,42640550523433481,LLC_BI__Loan__c,,,,,,false,false,,
a334T000000PNw7QAG,,Rate Structure,2019-09-18T14:48:46.000Z,0054T000000ZYm5QAG,2019-09-18T14:48:46.000Z,0054T000000ZYm5QAG,,a344T000000PINqQAO,false,false,false,false,false,11.0,slide,true,false,false,false,,false,,,MappedSObjectScreenResource,a374T000000PJY9QAO,42653259579265646,LLC_BI__Loan__c,,,,,,false,false,,
a334T000000PNwMQAW,,Loan Collateral Narrative,2019-09-18T14:48:46.000Z,0054T000000ZYm5QAG,2019-09-18T14:48:46.000Z,0054T000000ZYm5QAG,,a344T000000PINqQAO,false,false,false,false,false,58.0,slide,true,false,false,false,,false,,,SObjectScreenResource,a374T000000PJYEQA4,42654994538938390,LLC_BI__Loan__c,,,,,,false,false,,
a334T000000PHrQQAW,,Risk Rating Appendix,2019-09-09T15:17:11.000Z,0054T0000012R1IQAU,2019-09-09T15:17:11.000Z,0054T0000012R1IQAU,,a344T000000PEXkQAO,false,false,false,false,false,210.0,slide,true,false,false,false,,false,,,MappedSObjectHierarchyScreenResource,a374T000000PE9uQAG,42659904994274699,LLC_BI__Loan__c,,,,,,false,false,,
a334T000000PHqvQAG,,Lender Recommendation,2019-09-09T15:17:11.000Z,0054T000000ZYm5QAG,2019-09-09T15:17:11.000Z,0054T000000ZYm5QAG,,a344T000000PEXnQAO,false,false,false,false,false,100.0,slide,true,false,false,false,,false,,,SObjectScreenResource,a374T000000PE9pQAG,42680505874429394,LLC_BI__Loan__c,,,,,,false,false,,
a334T000000PNwEQAW,,Related Deposits,2019-09-18T14:48:46.000Z,0054T000000ZYm5QAG,2019-09-18T14:48:46.000Z,0054T000000ZYm5QAG,,a344T000000PINqQAO,false,false,false,false,false,47.0,slide,true,false,false,false,,false,,a364T000000gIGhQAM,DepositFScreenResource,,42683785993245202,LLC_BI__Loan__c,,,,,,false,false,,
a334T000000PHrdQAG,,Project Roll-Up,2019-09-09T15:17:11.000Z,0054T000000ZYm5QAG,2019-09-09T15:17:11.000Z,0054T000000ZYm5QAG,,a344T000000PEXkQAO,false,false,false,true,false,250.0,slide,true,false,false,false,,false,,,MappedSObjectHierarchyScreenResource,a374T000000PE9wQAG,42684889474208570,LLC_BI__Loan__c,,,,,,false,false,,
a334T000000PHehQAG,,Collateral Summary,2019-09-09T15:17:11.000Z,0054T000000ZYm5QAG,2019-09-09T15:17:11.000Z,0054T000000ZYm5QAG,,a344T000000PEXkQAO,false,false,false,false,false,56.0,slide,true,false,false,false,,false,,a364T000000g5ZOQAY,MappedSObjectHierarchyScreenResource,,42704211310653984,LLC_BI__Loan__c,,,,,,false,false,,
a334T000000PHrPQAW,,Loan Pricing Narrative,2019-09-09T15:17:11.000Z,0054T0000012R1IQAU,2019-09-09T15:17:11.000Z,0054T0000012R1IQAU,,a344T000000PEXkQAO,false,false,false,false,false,25.0,slide,true,false,true,false,,false,,,SObjectScreenResource,a374T000000PE9tQAG,42717814196489254,LLC_BI__Loan__c,,,,,,false,false,,
a334T000000PNwYQAW,,Snapshot,2019-09-18T14:48:46.000Z,0054T000000ZYm5QAG,2019-09-18T14:48:46.000Z,0054T000000ZYm5QAG,,a344T000000PINqQAO,false,false,false,true,false,300.0,slide,true,false,false,false,,false,,a364T000000gIGoQAM,ComparableScreenResource,a374T000000PJYPQA4,42752271612251508,LLC_BI__Loan__c,,,,,,false,false,,
a334T000000PHeeQAG,,Authorized Signers,2019-09-09T15:17:11.000Z,0054T000000ZYm5QAG,2019-09-09T15:17:11.000Z,0054T000000ZYm5QAG,,a344T000000PEXkQAO,false,false,false,false,false,40.0,slide,true,false,false,false,,false,,a364T000000g5ZLQAY,SignersFScreenResource,,42783187373770615,LLC_BI__Loan__c,,,,,,false,false,,
a334T000000PNw8QAG,,Payment Structure,2019-09-18T14:48:46.000Z,0054T000000ZYm5QAG,2019-09-18T14:48:46.000Z,0054T000000ZYm5QAG,,a344T000000PINqQAO,false,false,false,false,false,12.0,slide,true,false,false,false,,false,,,MappedSObjectScreenResource,a374T000000PJYAQA4,42800316099782171,LLC_BI__Loan__c,,,,,,false,false,,
a334T000000PHejQAG,,Policy Exceptions,2019-09-09T15:17:11.000Z,0054T000000ZYm5QAG,2019-09-09T15:17:11.000Z,0054T000000ZYm5QAG,,a344T000000PEXkQAO,false,false,false,false,false,85.0,slide,true,false,false,false,,false,,a364T000000g5ZQQAY,MappedSObjectHierarchyScreenResource,,4285148483090992Q,LLC_BI__Loan__c,,,,,,false,false,,
a334T000000PHqwQAG,,Covenants,2019-09-09T15:17:11.000Z,0054T000000ZYm5QAG,2019-09-09T15:17:11.000Z,0054T000000ZYm5QAG,,a344T000000PEXnQAO,false,false,false,false,false,110.0,slide,true,false,false,false,,false,,a364T000000g5ckQAA,MappedSObjectHierarchyScreenResource,,42877917307261016,LLC_BI__Loan__c,,,,,,false,false,,
a334T000000PHqxQAG,,Loan Covenants Narrative,2019-09-09T15:17:11.000Z,0054T000000ZYm5QAG,2019-09-09T15:17:11.000Z,0054T000000ZYm5QAG,,a344T000000PEXnQAO,false,false,false,false,false,115.0,slide,true,false,false,false,,false,,,SObjectScreenResource,a374T000000PE9qQAG,42912763543282152,LLC_BI__Loan__c,,,,,,false,false,,
a334T000000PHeZQAW,,Rate Structure,2019-09-09T15:17:11.000Z,0054T000000ZYm5QAG,2019-09-09T15:17:11.000Z,0054T000000ZYm5QAG,,a344T000000PEXkQAO,false,false,false,false,false,11.0,slide,true,false,false,false,,false,,,MappedSObjectScreenResource,a374T000000PE6YQAW,42943796553186419,LLC_BI__Loan__c,,,,,,false,false,,
a334T000000PHqmQAG,,Related Deposits,2019-09-09T15:17:11.000Z,0054T000000ZYm5QAG,2019-09-09T15:17:11.000Z,0054T000000ZYm5QAG,,a344T000000PEXnQAO,false,false,false,false,false,47.0,slide,true,false,false,false,,false,,a364T000000g5cgQAA,DepositFScreenResource,,42953876682374078,LLC_BI__Loan__c,,,,,,false,false,,
a334T000000PHrfQAG,,Snapshot,2019-09-09T15:17:11.000Z,0054T000000ZYm5QAG,2019-09-09T15:17:11.000Z,0054T000000ZYm5QAG,,a344T000000PEXkQAO,false,false,false,true,false,300.0,slide,true,false,false,false,,false,,a364T000000g5ctQAA,ComparableScreenResource,a374T000000PE9xQAG,934859348279835,LLC_BI__Loan__c,,,,,,false,false,,
a334T000000PHngQAG,,Loan Collateral Narrative,2019-09-09T15:17:11.000Z,0054T000000ZYm5QAG,2019-09-09T15:17:11.000Z,0054T000000ZYm5QAG,,a344T000000PEXkQAO,false,false,false,false,false,58.0,slide,true,false,false,false,,false,,,SObjectScreenResource,a374T000000PE6cQAG,a1D4T000000PP3eUAG,LLC_BI__Loan__c,,,,,,false,false,,
a334T000000PHnhQAG,,Background Analysis,2019-09-09T15:17:11.000Z,0054T000000ZYm5QAG,2019-09-09T15:17:11.000Z,0054T000000ZYm5QAG,,a344T000000PEXkQAO,false,false,false,false,false,60.0,slide,true,false,false,false,,false,,,SObjectScreenResource,a374T000000PE6dQAG,a1D4T000000PP3fUAG,LLC_BI__Loan__c,,,,,,false,false,,
a334T000000PHniQAG,,Financial Analysis,2019-09-09T15:17:11.000Z,0054T000000ZYm5QAG,2019-09-09T15:17:11.000Z,0054T000000ZYm5QAG,,a344T000000PEXkQAO,false,false,false,false,false,70.0,slide,true,false,false,false,,false,,,SObjectScreenResource,a374T000000PE6eQAG,a1D4T000000PP3gUAG,LLC_BI__Loan__c,,,,,,false,false,,
a334T000000PHnjQAG,,Policy/Underwriting Exceptions,2019-09-09T15:17:11.000Z,0054T000000ZYm5QAG,2019-09-09T15:17:11.000Z,0054T000000ZYm5QAG,,a344T000000PEXkQAO,false,false,false,false,false,90.0,slide,true,false,false,false,,false,,,SObjectScreenResource,a374T000000PE6fQAG,a1D4T000000PP3hUAG,LLC_BI__Loan__c,,,,,,false,false,,
a334T000000PHnkQAG,,Lender Recommendation,2019-09-09T15:17:11.000Z,0054T000000ZYm5QAG,2019-09-09T15:17:11.000Z,0054T000000ZYm5QAG,,a344T000000PEXkQAO,false,false,false,false,false,100.0,slide,true,false,false,false,,false,,,SObjectScreenResource,a374T000000PE6gQAG,a1D4T000000PP3iUAG,LLC_BI__Loan__c,,,,,,false,false,,
a334T000000PHnlQAG,,Loan Covenants Narrative,2019-09-09T15:17:11.000Z,0054T000000ZYm5QAG,2019-09-09T15:17:11.000Z,0054T000000ZYm5QAG,,a344T000000PEXkQAO,false,false,false,false,false,115.0,slide,true,false,false,false,,false,,,SObjectScreenResource,a374T000000PE6hQAG,a1D4T000000PP3jUAG,LLC_BI__Loan__c,,,,,,false,false,,
a334T000000PHekQAG,,Approval History,2019-09-09T15:17:11.000Z,0054T000000ZYm5QAG,2019-09-09T15:17:11.000Z,0054T000000ZYm5QAG,,a344T000000PEXkQAO,false,false,false,false,false,120.0,slide,true,false,false,false,,false,,,SObjectScreenResource,a374T000000PE6iQAG,a1D4T000000PP3kUAG,LLC_BI__Loan__c,,,,,,false,false,,
a334T000000PHovQAG,,Spreads Appendix,2019-09-09T15:17:11.000Z,0054T000000ZYm5QAG,2019-09-09T15:17:11.000Z,0054T000000ZYm5QAG,,a344T000000PEXkQAO,false,false,false,false,false,200.0,slide,true,false,false,false,,false,,a364T000000g5alQAA,MappedSObjectHierarchyScreenResource,a374T000000PE86QAG,a1D4T000000PP3lUAG,LLC_BI__Loan__c,,,,,,false,false,,
